use mydb;

INSERT INTO Клиент VALUES
('1000001', 'Наумов Лев Витальевич','74953181798'), 
('1000002', 'Третьяков Иван Яковович','74950516596'), 
('1000003', 'Назарова Елена Сергеевна','74955519391'); 

select * from Клиент;

INSERT INTO Заказ VALUES
('3000001', '2020.10.01', '2020.10.14','1000001'), 
('3000002', '2020.10.04', '2020.10.14','1000001'), 
('3000003', '2020.10.15', '2020.10.25','1000002'), 
('3000004', '2020.10.01', '2020.10.10','1000003'); 

select * from Заказ;

INSERT INTO Работник VALUES
('10001', 'Жуков Адам Евгеньевич', 'Старший специалист'), 
('10002', 'Терентьева Александра Евгеньевна', 'Специалист'); 

select * from Работник;

INSERT INTO Изделие VALUES
('5000001', 'Платье', '10000','1','3000001', '10001'),
('5000004', 'Платье', '10000','2','3000004','10002'),
('5000002', 'Брюки', '5000','2','3000002','10001'),
('5000003', 'Пиджак', '3000', '1','3000003','10002');

INSERT INTO Изделие VALUES 
('5000005', 'Пиджак','2500','2','3000001','10001');

select * from Изделие;

INSERT INTO Поставщик VALUES 
('101', 'ООО Поставщик1'),
('102', 'ИП Поставщик2');

select * from Поставщик;

INSERT INTO Склад VALUES
('301','ул. Обороны д.3'), 
('302','Проектируемый проезд 1234 д.12'); 

select * from Склад;

INSERT INTO Фурнитура VALUES 
('50001','Хлопок', 'м2', '101'), 
('50002','Пуговица','шт','102'), 
('50003','Шерсть','м2','101');

SELECT * FROM Фурнитура;

INSERT INTO Фурнитура_изделия VALUES
('50001','3','10001','302', '5000001'),
('50002','5','10001','302', '5000001'),
('50003','3','10002','301', '5000002'),
('50002','1','10002','301', '5000002'),
('50003','2','10002','301', '5000003'),
('50002','3','10002','301', '5000003');

select * from Фурнитура_изделия;

INSERT INTO Поставка VALUES
('100001', '2020.10.11','301','102'),
('100002', '2020.10.10','302','101'),
('100003', '2020.10.12','301','101');
select * from Поставка;
